HTTP,117.88.5.35,3000
HTTPS,117.88.176.158,3000
HTTP,117.87.180.144,8118
HTTP,117.88.177.120,3000
HTTP,222.95.144.220,3000
HTTP,121.237.148.191,3000
HTTPS,218.21.96.128,58080
HTTPS,117.88.5.31,3000
HTTPS,117.88.4.13,3000
HTTPS,117.88.176.94,3000
HTTP,222.95.144.121,3000
HTTPS,222.95.144.122,3000
HTTPS,222.95.144.68,3000
HTTP,121.237.149.207,3000
HTTP,121.237.149.81,3000
HTTPS,110.73.42.30,8123
HTTPS,222.95.144.171,3000
HTTP,124.172.232.49,8010
HTTPS,117.88.176.252,3000
HTTP,121.237.149.2,3000
HTTPS,117.88.177.207,3000
HTTPS,121.237.149.237,3000
HTTP,117.88.176.59,3000
HTTPS,222.95.144.211,3000
HTTP,222.95.144.165,3000
HTTPS,222.95.240.51,3000
HTTP,222.95.144.48,3000
HTTP,118.250.0.159,8060
HTTP,117.88.176.21,3000
HTTP,121.237.148.202,3000
HTTP,121.237.149.69,3000
HTTP,222.95.144.235,3000
HTTPS,58.56.149.198,53281
HTTP,117.88.176.46,3000
HTTP,117.88.176.173,3000
HTTP,117.88.4.134,3000
HTTPS,221.218.102.146,33323
HTTP,117.88.5.62,3000
HTTP,117.88.4.232,3000
HTTP,117.88.4.181,3000
HTTP,121.237.149.11,3000
HTTPS,119.254.94.93,46323
HTTPS,106.6.133.66,8118
HTTPS,119.254.94.114,45691
HTTP,112.237.68.133,8118
HTTP,117.88.5.74,3000
HTTPS,222.95.240.133,3000
HTTP,222.95.144.243,3000
HTTPS,58.254.220.116,52470
HTTPS,121.237.149.19,3000
HTTP,121.237.149.25,3000
HTTP,117.88.177.131,3000
HTTP,117.88.5.44,3000
HTTP,121.237.149.31,3000
HTTP,117.88.4.58,3000
HTTP,117.88.5.233,3000
HTTPS,42.86.162.245,8118
HTTPS,117.88.5.94,3000
HTTPS,117.88.4.116,3000
HTTP,111.222.141.127,8118
HTTP,60.168.60.172,8118
HTTPS,117.114.149.66,53281
HTTPS,175.175.216.247,1133
HTTPS,222.95.144.237,3000
HTTPS,121.237.149.38,3000
HTTP,118.78.196.46,8118
HTTP,117.88.4.50,3000
HTTP,221.224.76.138,1080
HTTP,117.88.177.171,3000
HTTP,220.173.106.168,63000
HTTPS,115.231.5.230,44524
HTTP,27.188.64.70,8060
HTTP,124.156.98.172,80
HTTP,117.88.4.233,3000
HTTP,121.237.148.209,3000
HTTPS,222.95.144.37,3000
HTTP,222.95.240.75,3000
HTTP,121.237.149.230,3000
HTTP,106.75.177.227,8111
HTTPS,222.95.144.42,3000
HTTP,117.88.4.169,3000
HTTPS,218.249.45.162,35586
HTTP,121.237.148.10,3000
HTTP,222.95.144.155,3000
HTTP,117.88.4.192,3000
HTTPS,61.150.96.27,46111
HTTP,117.88.4.171,3000
HTTPS,117.88.177.116,3000
HTTP,117.88.177.11,3000
HTTP,121.238.205.101,8118
HTTP,183.167.217.152,63000
HTTP,182.92.242.11,80
HTTP,117.88.4.48,3000
HTTPS,222.95.144.45,3000
HTTPS,117.88.176.106,3000
HTTP,121.237.149.106,3000
HTTP,120.76.116.167,8118
HTTPS,218.59.193.14,47138
HTTPS,222.208.223.24,63000
HTTP,117.62.173.31,8118
HTTPS,61.178.149.237,59042
HTTP,117.88.177.130,3000
HTTPS,117.88.5.36,3000
HTTPS,121.237.149.101,3000
HTTPS,112.86.152.230,8118
HTTPS,121.237.148.228,3000
HTTP,49.234.46.87,8888
HTTPS,121.237.148.67,3000
HTTP,121.237.148.106,3000
HTTP,220.171.90.158,8060
HTTP,121.237.149.59,3000
HTTP,117.88.4.61,3000
HTTPS,117.88.176.89,3000
HTTPS,117.88.176.131,3000
HTTPS,222.95.144.231,3000
HTTP,180.118.252.180,8118
HTTPS,117.88.177.83,3000
HTTPS,113.12.202.50,40498
HTTP,1.83.122.43,8118
HTTPS,222.95.144.97,3000
HTTP,222.85.28.130,40505
HTTP,117.88.177.91,3000
HTTPS,117.88.176.200,3000
HTTP,117.88.176.128,3000
HTTPS,116.113.27.170,47849
HTTP,117.88.4.165,3000
HTTPS,117.88.5.32,3000
HTTP,222.95.144.236,3000
HTTPS,222.95.144.32,3000
HTTPS,121.237.148.47,3000
HTTP,121.237.149.168,3000
HTTPS,118.114.96.119,8118
HTTPS,117.88.5.67,3000
HTTPS,117.88.4.68,3000
HTTPS,117.88.4.246,3000
HTTPS,218.21.230.156,808
HTTPS,121.237.148.178,3000
HTTP,222.95.240.70,3000
HTTP,121.237.148.201,3000
HTTPS,117.88.176.90,3000
HTTP,117.88.5.159,3000
HTTP,59.110.154.102,8080
HTTPS,121.225.186.86,3000
HTTP,222.95.240.227,3000
HTTPS,221.224.136.211,35101
HTTP,222.184.7.206,40908
HTTP,117.88.4.136,3000
HTTPS,121.237.148.225,3000
HTTPS,183.143.42.232,8118
HTTP,117.88.4.14,3000
HTTPS,171.221.79.246,8118
HTTPS,117.88.5.118,3000
HTTP,222.95.241.4,3000
HTTP,121.237.149.118,3000
HTTP,117.88.176.39,3000
HTTPS,117.88.4.156,3000
HTTP,117.88.177.136,3000
HTTPS,110.189.152.86,52277
HTTPS,121.237.148.59,3000
HTTPS,117.88.4.225,3000
HTTPS,222.95.240.66,3000
HTTP,60.167.21.250,8118
HTTP,222.95.241.181,3000
HTTP,117.88.176.134,3000
HTTP,222.95.144.212,3000
HTTP,118.181.226.166,44640
HTTP,121.237.149.41,3000
HTTPS,110.87.176.33,8118
HTTP,222.95.144.138,3000
HTTP,117.88.4.195,3000
HTTPS,117.88.177.43,3000
HTTP,121.237.149.229,3000
HTTPS,121.237.149.4,3000
HTTP,121.237.148.57,3000
HTTP,117.88.4.67,3000
HTTPS,117.88.176.234,3000
HTTPS,139.196.137.255,8118
HTTPS,121.33.220.158,808
HTTPS,175.175.218.219,1133
HTTPS,117.88.5.153,3000
HTTPS,123.171.5.133,8118
HTTP,117.88.176.76,3000
HTTPS,222.128.9.235,59593
HTTP,222.95.241.58,3000
HTTP,58.211.134.98,31744
HTTPS,117.88.5.66,3000
HTTPS,210.5.10.87,53281
HTTPS,111.76.248.25,8118
HTTP,110.73.9.81,8123
HTTP,122.192.38.47,8118
HTTPS,115.223.117.69,8010
HTTPS,59.172.27.6,53281
HTTPS,121.237.148.122,3000
HTTPS,115.238.59.86,53400
HTTPS,119.254.94.71,42788
HTTP,60.216.101.46,59351
HTTP,115.219.109.3,8010
HTTP,139.196.140.179,8888
HTTPS,117.88.5.214,3000
HTTP,118.24.246.249,80
HTTP,1.83.123.207,8118
HTTP,123.185.222.248,8118
HTTP,220.173.143.242,808
HTTPS,101.205.51.132,61234
HTTP,121.40.66.129,808
HTTP,49.68.126.78,8118
HTTPS,218.75.69.50,39590
HTTPS,117.94.213.165,8118
HTTP,175.17.15.111,8118
HTTP,118.112.194.17,29359
HTTPS,182.108.46.110,1624
HTTPS,59.52.185.173,38175
HTTP,120.78.168.189,8118
HTTP,120.11.132.242,8118
HTTP,117.88.177.18,3000
HTTPS,121.31.101.215,8123
HTTP,118.250.0.187,8060
HTTP,117.88.177.244,3000
HTTP,59.52.184.5,1624
HTTP,182.108.46.164,1624
HTTP,219.132.205.105,8118
HTTPS,182.108.47.241,1624
HTTP,117.88.176.164,3000
HTTP,121.237.148.248,3000
HTTPS,114.99.54.65,8118
HTTPS,60.167.20.198,808
HTTP,117.88.176.227,3000
HTTP,222.95.241.61,3000
HTTP,175.8.110.193,8118
HTTPS,117.88.4.141,3000
HTTP,117.88.4.6,3000
HTTPS,117.88.4.160,3000
HTTP,121.31.101.207,8123
HTTP,117.88.4.132,3000
HTTP,117.88.177.66,3000
HTTP,222.95.144.241,3000
HTTP,121.237.148.35,3000
HTTPS,117.88.176.42,3000
HTTPS,124.93.201.59,59618
HTTP,59.33.4.41,8118
HTTP,117.88.177.111,3000
HTTP,121.237.148.62,3000
HTTP,115.219.105.229,8010
HTTPS,117.88.176.123,3000
HTTPS,117.88.5.27,3000
HTTP,110.73.46.94,8123
HTTPS,117.88.4.127,3000
HTTP,121.237.148.9,3000
HTTPS,117.88.4.25,3000
HTTP,60.205.188.24,3128
HTTPS,121.237.148.182,3000
HTTPS,123.132.232.254,37638
HTTPS,117.88.177.179,3000
HTTP,118.187.58.34,53281
HTTPS,182.92.220.212,8080
HTTPS,60.190.250.120,8080
HTTPS,59.52.186.241,1624
HTTPS,117.88.177.144,3000
HTTP,116.22.51.177,8118
HTTPS,117.88.177.247,3000
HTTP,121.237.149.131,3000
HTTPS,117.88.4.102,3000
HTTPS,117.88.5.103,3000
HTTP,117.88.4.198,3000
HTTP,117.88.5.123,3000
HTTPS,121.237.149.30,3000
HTTP,123.57.84.116,8118
HTTP,123.154.164.81,8118
HTTP,117.88.177.123,3000
HTTP,125.72.70.46,8060
HTTPS,121.237.148.190,3000
HTTPS,121.237.148.145,3000
HTTP,117.88.5.236,3000
HTTPS,182.138.182.133,8118
HTTP,117.24.81.157,61234
HTTPS,27.154.34.146,31527
HTTP,14.17.78.46,3128
HTTPS,125.73.220.18,31036
HTTP,123.185.220.67,8118
HTTPS,112.84.99.214,8118
HTTPS,121.228.14.163,8118
HTTPS,121.31.102.170,8123
HTTP,117.88.5.2,3000
HTTP,182.92.113.148,8118
HTTPS,117.88.177.249,3000
HTTP,117.88.176.85,3000
HTTPS,58.58.213.55,8888
HTTP,117.81.93.197,8118
HTTP,218.86.200.7,8118
HTTPS,222.95.144.246,3000
HTTPS,117.88.5.99,3000
HTTP,218.86.200.7,8118
HTTPS,222.95.144.246,3000
HTTPS,117.88.5.99,3000
HTTP,49.76.29.226,8118
HTTP,14.17.78.45,3128
HTTP,121.237.149.156,3000
HTTP,121.237.148.13,3000
HTTP,121.237.149.50,3000
HTTP,117.88.4.73,3000
HTTP,117.88.177.110,3000
HTTPS,117.88.177.17,3000
HTTP,121.31.101.229,8123
HTTPS,117.88.176.41,3000
HTTPS,117.88.4.179,3000
HTTP,119.41.236.180,8010
HTTP,222.95.240.140,3000
HTTP,117.66.167.114,8118
HTTPS,121.237.149.82,3000
HTTPS,222.95.144.38,3000
HTTP,122.230.144.181,8118
HTTP,39.91.8.31,9999
HTTP,117.88.177.40,3000
HTTPS,121.237.149.123,3000
HTTP,222.95.144.180,3000
HTTP,117.88.4.207,3000
HTTP,117.88.177.173,3000
HTTPS,117.88.4.55,3000
HTTPS,117.88.176.121,3000
HTTPS,117.88.176.166,3000
HTTPS,222.95.144.5,3000
HTTP,117.88.176.249,3000
HTTPS,117.88.176.112,3000
HTTPS,222.95.144.81,3000
HTTP,222.95.241.102,3000
HTTPS,117.88.177.53,3000
HTTP,222.95.241.11,3000
HTTP,121.237.148.4,3000
HTTP,121.237.149.158,3000
HTTP,182.61.179.157,8888
HTTP,222.95.241.252,3000
HTTPS,117.88.4.103,3000
HTTP,121.8.146.99,8060
HTTP,27.42.168.46,48919
HTTP,59.44.78.30,42335
HTTP,118.114.96.251,8118
HTTP,115.223.77.101,8010
HTTPS,221.206.100.133,34073
HTTPS,121.237.148.78,3000
HTTP,117.88.4.35,3000
HTTP,211.149.252.155,8888
HTTP,117.88.176.38,3000
HTTPS,222.95.144.39,3000
HTTPS,121.237.149.33,3000
HTTP,222.95.144.156,3000
HTTP,1.202.193.26,59212
HTTP,121.237.148.40,3000
HTTPS,222.95.240.234,3000
HTTPS,121.237.149.39,3000
HTTP,117.88.176.241,3000
HTTP,49.235.253.240,8888
HTTP,222.95.144.20,3000
HTTP,117.88.177.202,3000
HTTP,222.95.241.145,3000
HTTP,117.88.176.154,3000
HTTP,117.88.5.63,3000
HTTP,117.88.5.105,3000
HTTP,110.73.11.42,8123
HTTPS,110.73.41.203,8123
HTTPS,119.147.137.79,8008
HTTPS,117.88.176.180,3000
HTTPS,117.88.4.253,3000
HTTP,113.110.20.59,8118
HTTP,121.237.148.52,3000
HTTP,117.88.177.246,3000
HTTPS,117.88.4.19,3000
HTTPS,117.88.5.53,3000
HTTP,121.237.148.19,3000
HTTPS,117.88.5.107,3000
HTTP,116.114.19.211,443
HTTP,117.88.5.90,3000
HTTPS,222.95.144.12,3000
HTTP,121.237.149.103,3000
HTTP,121.237.149.135,3000
HTTPS,117.88.177.170,3000
HTTPS,222.95.241.221,3000
HTTPS,121.237.148.234,3000
HTTPS,222.95.241.96,3000
HTTPS,175.148.73.58,1133
HTTP,121.237.148.249,3000
HTTP,222.95.240.168,3000
HTTPS,117.88.177.76,3000
HTTP,121.237.148.232,3000
HTTP,117.88.5.212,3000
HTTP,121.237.148.107,3000
HTTPS,117.88.177.65,3000
HTTPS,117.88.177.140,3000
HTTPS,222.95.240.179,3000
HTTP,117.88.4.26,8118
HTTP,117.88.5.211,3000
HTTPS,121.237.148.179,3000
HTTP,222.95.241.12,3000
HTTP,117.28.121.115,8118
HTTP,222.95.144.247,3000
HTTP,222.95.240.149,3000
HTTP,60.217.64.237,31923
HTTP,222.95.241.129,3000
HTTP,123.171.5.183,8118
HTTP,121.225.186.166,3000
HTTP,117.88.4.188,3000
HTTPS,117.88.177.238,3000
HTTPS,222.95.144.8,3000
HTTPS,121.237.149.150,3000
HTTP,113.110.184.249,8118
HTTPS,222.95.240.164,3000
HTTP,117.88.4.4,3000
HTTPS,117.88.5.129,3000
HTTP,117.88.177.86,3000
HTTPS,180.109.200.30,8118
HTTP,117.88.4.185,3000
HTTPS,222.95.144.170,3000
HTTP,222.95.144.229,3000
HTTP,61.135.155.82,443
HTTPS,117.88.5.231,3000
HTTPS,222.95.240.87,3000
HTTP,101.231.104.82,80
HTTPS,117.64.235.117,18118
HTTP,222.95.240.40,3000
HTTP,117.88.5.109,3000
HTTPS,117.88.5.77,3000
HTTPS,117.88.4.197,3000
HTTP,117.88.177.186,3000
HTTP,117.88.5.253,3000
HTTP,117.88.4.189,3000
HTTPS,121.237.149.58,3000
HTTP,121.237.148.129,3000
HTTPS,222.95.144.142,3000
HTTPS,117.88.4.78,3000
HTTP,117.88.177.157,3000
HTTP,222.95.144.183,3000
HTTP,121.237.149.180,3000
HTTPS,115.219.109.64,8010
HTTP,222.95.240.13,3000
HTTP,171.221.79.223,8118
HTTP,117.88.5.41,3000
HTTP,117.88.5.60,3000
HTTP,121.237.149.233,3000
HTTP,121.237.149.189,3000
HTTPS,117.88.5.166,3000
HTTP,222.95.144.46,3000
HTTPS,121.237.148.96,3000
HTTP,117.88.176.34,3000
HTTP,122.230.253.229,8010
HTTP,117.88.177.224,3000
HTTP,117.88.4.231,3000
HTTP,121.237.149.164,3000
HTTP,222.95.144.113,3000
HTTPS,222.95.240.172,3000
HTTPS,117.88.177.46,3000
HTTPS,125.123.142.125,9999
HTTP,121.237.148.70,3000
HTTP,222.95.241.166,3000
HTTP,114.99.252.229,8118
HTTP,119.39.68.19,8118
HTTPS,182.92.233.137,8118
HTTP,222.95.240.204,3000
HTTPS,117.88.177.197,3000
HTTPS,117.88.4.131,3000
HTTPS,117.88.5.10,3000
HTTP,117.88.176.148,3000
HTTP,121.237.148.139,3000
HTTPS,117.88.177.129,3000
HTTPS,222.95.240.27,3000
HTTP,58.213.149.83,80
HTTPS,221.237.37.97,8118
HTTP,117.88.177.243,3000
HTTPS,121.237.148.250,3000
HTTP,121.237.149.217,3000
HTTPS,121.31.101.233,8123
HTTP,121.237.148.111,3000
HTTPS,110.73.41.80,8123
HTTP,117.88.176.68,3000
HTTP,117.88.176.197,3000
HTTP,117.88.176.183,3000
HTTPS,218.86.200.26,8118
HTTP,123.168.67.126,8118
HTTP,121.237.149.93,3000
HTTP,114.233.201.7,8118
HTTPS,117.88.177.61,3000
HTTPS,117.88.177.1,3000
HTTPS,59.42.88.110,8118
HTTP,59.42.42.230,8118
HTTP,106.6.138.18,8118
HTTP,121.237.149.142,3000
HTTPS,115.195.219.145,8118
HTTPS,222.95.144.72,3000
HTTPS,118.78.196.186,8118
HTTP,121.237.149.253,3000
HTTP,121.237.149.124,3000
HTTP,222.95.144.27,3000
HTTP,121.237.148.23,3000
HTTPS,121.237.148.196,3000
HTTP,121.237.148.144,3000
HTTP,121.237.149.165,3000
HTTP,121.237.149.172,3000
HTTP,121.237.148.136,3000
HTTPS,222.95.144.6,3000
HTTPS,121.237.149.195,3000
HTTPS,222.95.144.227,3000
HTTP,121.237.148.152,3000
HTTP,121.237.149.89,3000
HTTP,121.237.149.232,3000
HTTP,121.237.148.68,3000
HTTP,121.237.148.108,3000
HTTPS,121.237.149.166,3000
HTTP,101.75.173.131,8118
HTTPS,117.88.177.100,3000
HTTPS,222.95.144.210,3000
HTTP,121.237.149.201,3000
HTTP,121.237.148.208,3000
HTTP,222.95.144.221,3000
HTTP,121.237.148.82,3000
HTTP,222.95.144.148,3000
HTTPS,121.237.148.163,3000
HTTP,115.219.105.60,8010
HTTP,117.88.177.204,3000
HTTP,121.237.148.103,3000
HTTP,121.237.148.92,3000
HTTP,222.95.144.58,3000
HTTP,175.10.24.127,3128
HTTP,60.167.21.14,8118
HTTP,60.2.44.182,30963
HTTP,183.145.216.103,8118
HTTP,221.1.205.74,8060
HTTPS,175.148.76.4,1133
HTTP,211.159.219.225,8118
HTTPS,171.80.196.14,8118
HTTP,121.237.148.110,3000
HTTPS,121.237.149.209,3000
HTTP,14.212.249.57,8118
HTTP,121.237.149.117,3000
HTTP,222.95.144.162,3000
HTTP,222.95.144.178,3000
HTTPS,121.237.149.134,3000
HTTP,222.95.144.126,3000
HTTPS,121.237.148.28,3000
HTTPS,222.95.144.232,3000
HTTPS,222.95.144.24,3000
HTTPS,222.95.144.206,3000
HTTPS,222.95.144.152,3000
HTTPS,121.237.149.236,3000
HTTP,222.95.144.15,3000
HTTP,121.237.149.95,3000
HTTPS,121.237.149.108,3000
HTTPS,218.14.109.42,44942
HTTP,121.237.149.241,3000
HTTPS,117.88.176.48,3000
HTTP,117.88.176.99,3000
HTTP,222.95.144.13,3000
HTTP,1.83.117.56,8118
HTTP,124.200.36.118,40188
HTTP,113.116.45.20,8118
HTTP,121.237.148.87,3000
HTTP,117.88.176.132,3000
HTTP,222.95.144.201,3000
HTTP,117.88.177.132,3000
HTTP,121.237.149.132,3000
HTTPS,117.88.176.203,3000
HTTP,60.168.80.217,8888
HTTPS,139.196.178.132,8080
HTTP,121.31.101.41,8123
HTTP,202.107.233.123,8090
HTTP,123.234.192.18,8118
HTTP,118.114.86.231,8118
HTTPS,223.10.21.0,8118
HTTPS,122.4.41.197,42506
HTTP,27.188.65.244,8060
HTTPS,120.79.64.147,8118
HTTP,183.163.24.15,8118
HTTP,110.87.176.121,8118
HTTP,121.237.148.30,3000
HTTPS,115.219.107.142,8010
HTTP,114.239.91.166,61234
HTTPS,124.205.143.210,34874
HTTP,121.237.148.133,3000
HTTP,222.132.193.222,8118
HTTPS,175.148.79.180,1133
HTTP,221.2.175.238,8060
HTTP,183.147.11.34,8118
HTTP,121.40.162.239,808
HTTPS,125.110.93.84,8118
HTTP,117.88.5.174,3000
HTTPS,117.88.5.234,3000
HTTPS,117.88.177.85,3000
HTTP,175.155.239.23,1133
HTTP,117.88.176.150,3000
HTTPS,121.237.148.156,3000
HTTP,222.95.240.135,3000
HTTP,121.237.148.143,3000
HTTP,123.118.108.201,8118
HTTP,171.221.35.8,8118
HTTP,171.221.35.8,8118
HTTP,117.88.4.71,3000
HTTP,121.237.149.104,3000
HTTP,117.88.177.34,3000
HTTP,115.223.99.186,8010
HTTP,115.213.178.193,50179
HTTPS,121.237.148.131,3000
HTTPS,121.237.149.243,3000
HTTP,106.6.133.29,8118
HTTPS,121.237.148.8,3000
HTTPS,139.9.195.202,8118
HTTPS,175.148.68.133,1133
HTTPS,115.219.109.0,8010
HTTPS,117.88.5.247,3000
HTTP,121.31.102.87,8123
HTTPS,222.95.144.118,3000
HTTPS,222.95.144.157,3000
HTTPS,117.88.177.163,3000
HTTPS,117.88.5.183,3000
HTTP,221.237.37.77,8118
HTTPS,117.88.4.159,3000
HTTPS,218.76.253.201,61408
HTTPS,121.237.149.176,3000
HTTPS,115.223.89.144,8010
HTTPS,110.73.43.190,8123
HTTPS,115.213.179.242,50218
HTTP,175.148.75.6,1133
HTTPS,183.48.126.111,8118
HTTP,175.148.79.129,1133
HTTP,115.213.201.9,3128
HTTP,106.15.248.236,1080
HTTPS,183.48.35.21,8118
HTTP,101.205.45.220,61234
HTTP,118.114.116.216,8118
HTTPS,175.155.238.145,1133
HTTP,115.219.168.131,8118
HTTP,113.208.115.190,8118
HTTP,113.87.91.38,53281
HTTP,113.87.90.69,8118
HTTP,113.109.214.100,8118
HTTPS,1.83.121.169,8118
HTTP,59.33.4.204,8118
HTTP,222.95.241.128,3000
HTTP,110.73.45.203,8123
HTTP,116.22.48.187,808
HTTP,121.237.149.60,3000
HTTP,106.14.206.26,8118
HTTP,122.237.237.23,8118
HTTPS,60.168.71.254,8118
HTTP,119.134.110.69,8118
HTTP,14.118.215.171,8118
HTTPS,121.227.6.244,8888
HTTPS,115.53.202.236,8118
HTTP,139.224.233.103,8118
HTTP,115.236.90.107,808
HTTP,110.73.1.101,8123
HTTP,36.7.69.56,8060
HTTP,121.227.89.58,8118
HTTP,113.88.211.105,8118
HTTP,110.73.7.167,8123
HTTPS,61.164.39.66,53281
HTTP,121.239.128.176,8118
HTTPS,113.116.179.245,8118
HTTPS,115.219.109.115,8010
HTTPS,121.237.148.56,3000
HTTP,117.88.5.28,3000
HTTP,113.91.171.40,8118
HTTPS,114.99.23.192,808
HTTP,183.143.38.164,8118
HTTP,120.132.116.81,8080
HTTP,117.88.176.205,3000
HTTPS,117.88.176.186,3000
HTTP,182.91.243.73,8118
HTTP,220.187.210.64,8118
HTTP,121.237.148.195,3000
HTTPS,121.234.31.44,8118
HTTP,117.88.4.63,3000
HTTPS,117.88.4.114,3000
HTTPS,117.88.176.190,3000
HTTP,121.237.149.212,3000
HTTP,117.88.5.180,3000
HTTP,222.95.144.19,3000
HTTP,117.88.176.248,3000
HTTP,121.237.148.12,3000
HTTP,222.95.240.91,3000
HTTPS,121.237.149.90,3000
HTTP,117.88.4.143,3000
HTTP,117.88.5.210,3000
HTTP,117.88.4.33,3000
HTTP,117.88.5.244,3000
HTTP,121.237.148.255,3000
HTTPS,117.88.5.175,3000
HTTP,222.95.144.186,3000
HTTP,117.88.5.141,3000
HTTP,117.88.4.150,3000
HTTP,222.95.241.213,3000
HTTP,117.88.5.29,3000
HTTPS,117.88.5.162,3000
HTTPS,121.237.148.244,3000
HTTPS,222.95.144.144,3000
HTTP,117.88.176.216,3000
HTTPS,222.95.241.140,3000
HTTPS,222.95.144.196,3000
HTTP,117.88.5.142,3000
HTTP,222.95.144.35,3000
HTTP,121.237.149.45,3000
HTTP,117.88.4.190,3000
HTTP,117.88.177.175,3000
HTTP,222.95.144.216,3000
HTTP,121.237.148.113,3000
HTTPS,121.237.149.249,3000
HTTP,222.95.144.147,3000
HTTP,222.95.240.185,3000
HTTPS,121.237.148.54,3000
HTTP,106.75.107.34,1080
HTTPS,222.95.144.193,3000
HTTP,114.220.95.99,8118
HTTP,182.138.160.8,8118
HTTP,222.95.144.78,3000
HTTP,117.88.4.163,3000
HTTP,117.88.4.219,3000
HTTP,121.237.149.20,3000
HTTPS,60.186.247.14,808
HTTP,163.204.241.174,9999
HTTP,222.95.240.26,3000
HTTPS,113.109.212.22,8118
HTTPS,117.88.4.2,3000
HTTP,121.237.148.220,3000
HTTP,117.88.5.6,3000
HTTPS,60.167.133.54,49732
HTTPS,121.237.149.140,3000
HTTPS,121.237.149.79,3000
HTTP,222.95.144.108,3000
HTTP,222.95.241.216,3000
HTTP,124.133.49.67,63000
HTTPS,175.153.234.187,1133
HTTP,121.237.149.83,3000
HTTPS,121.239.208.184,8118
HTTP,121.237.149.85,3000
HTTPS,117.88.176.215,3000
HTTP,223.199.2.159,8118
HTTPS,14.118.207.34,8118
HTTP,183.5.99.10,8118
HTTP,117.88.5.140,3000
HTTP,121.237.149.17,3000
HTTPS,121.237.148.120,3000
HTTP,117.88.177.54,3000
HTTP,222.95.240.216,3000
HTTPS,115.204.98.134,8118
HTTPS,117.88.4.206,3000
HTTP,1.193.21.25,1080
HTTPS,117.88.177.44,3000
HTTP,122.192.38.207,8118
HTTP,117.88.177.189,3000
HTTP,118.78.196.81,8118
HTTP,111.206.217.186,8082
HTTPS,222.95.241.147,3000
HTTP,124.239.216.14,8060
HTTP,222.95.240.212,3000
HTTP,115.204.70.15,8118
HTTPS,117.88.177.52,3000
HTTPS,121.237.149.154,3000
HTTP,115.159.154.79,1080
HTTP,117.88.4.249,3000
HTTP,117.88.176.213,3000
HTTPS,117.88.4.106,3000
HTTPS,121.237.148.173,3000
HTTPS,121.237.148.99,3000
HTTPS,117.88.176.4,3000
HTTPS,222.95.240.203,3000
HTTP,117.88.176.170,3000
HTTPS,117.88.4.227,3000
HTTPS,117.88.176.73,3000
HTTPS,222.95.241.182,3000
HTTPS,222.95.241.196,3000
HTTP,27.11.205.43,8118
HTTPS,222.95.144.164,3000
HTTPS,117.88.4.167,3000
HTTP,59.52.187.80,43458
HTTP,119.136.88.187,808
HTTP,113.88.211.244,8118
HTTP,27.43.108.60,8118
HTTP,111.76.221.190,8118
HTTP,119.123.76.117,8118
HTTP,183.163.214.226,8118
HTTP,58.212.111.176,8118
HTTP,115.223.69.125,8010
HTTP,113.116.140.117,8118
HTTP,60.167.75.105,8118
HTTP,49.85.59.166,8118
HTTP,39.76.48.108,8118
HTTP,117.88.4.217,3000
HTTPS,58.209.220.127,8118
HTTPS,121.237.148.169,3000
HTTPS,118.190.142.140,3128
HTTP,121.17.210.114,8060
HTTP,1.83.122.191,8118
HTTP,117.88.5.97,8118
HTTP,183.147.15.237,8118
HTTPS,222.95.144.177,3000
HTTP,113.110.184.217,8118
HTTP,119.123.78.218,8118
HTTPS,117.88.176.221,3000
HTTPS,117.88.177.150,3000
HTTPS,117.88.177.188,3000
HTTP,121.238.149.62,8118
HTTP,117.88.4.129,3000
HTTPS,117.88.176.52,3000
HTTPS,117.88.176.165,3000
HTTP,114.224.195.223,8118
HTTP,121.237.149.73,3000
HTTP,115.223.121.169,8010
HTTPS,101.200.36.219,80
HTTP,222.95.144.189,3000
HTTP,117.88.177.30,3000
HTTPS,222.95.144.228,3000
HTTP,121.237.149.35,3000
HTTP,1.83.123.197,8118
HTTP,117.88.4.80,3000
HTTPS,222.95.144.79,3000
HTTP,113.87.202.35,8118
HTTP,121.237.148.219,3000
HTTPS,222.95.144.130,3000
HTTP,219.140.29.127,8118
HTTP,222.95.144.209,3000
HTTPS,59.42.89.164,8118
HTTPS,116.22.51.44,8118
HTTP,115.213.180.190,50210
HTTP,117.88.190.32,8118
HTTP,123.185.223.137,8118
HTTP,27.11.20.75,8118
HTTP,123.163.67.50,8118
HTTP,14.115.186.161,8118
HTTPS,220.189.70.176,8888
HTTPS,115.223.122.32,8010
HTTP,180.116.150.211,8118
HTTP,121.237.148.15,3000
HTTP,115.206.114.5,8118
HTTP,123.171.5.82,8118
HTTP,60.168.81.140,18118
HTTPS,222.95.144.83,3000
HTTP,117.88.5.34,3000
HTTP,180.103.236.34,8118
HTTPS,121.237.148.199,3000
HTTP,101.132.118.170,8080
HTTP,1.83.117.58,8118
HTTPS,220.176.197.78,8118
HTTP,118.251.89.71,3128
HTTPS,119.41.200.14,53281
HTTP,49.73.239.176,8118
HTTP,220.191.101.40,8888
HTTP,121.13.252.58,41564
HTTP,117.88.176.77,3000
HTTP,121.237.149.227,3000
HTTPS,222.95.144.124,3128
HTTPS,117.88.4.126,3000
HTTP,58.32.34.219,8118
HTTPS,183.147.214.86,8118
HTTP,110.249.176.26,8060
HTTPS,117.88.5.126,3000
HTTP,117.88.4.89,3000
HTTPS,113.87.89.42,8118
HTTPS,115.213.182.97,50082
HTTP,117.88.5.133,3000
HTTP,117.88.177.67,3000
HTTP,121.237.149.78,3000
HTTPS,117.88.5.61,3000
HTTPS,117.88.177.168,3000
HTTPS,121.237.149.153,3000
HTTP,117.88.4.201,3000
HTTP,222.95.240.183,3000
HTTP,222.95.240.199,3000
HTTP,175.166.162.105,80
HTTP,183.32.252.173,8118
HTTP,222.95.240.154,3000
HTTP,117.88.4.46,3000
HTTP,125.110.122.215,8118
HTTPS,222.95.144.33,3000
HTTP,223.199.6.196,8118
HTTP,222.95.144.192,3000
HTTP,117.88.176.55,3000
HTTPS,220.168.52.245,55255
HTTP,117.88.176.120,3000
HTTPS,119.123.78.85,8118
HTTPS,117.88.177.212,3000
HTTP,222.95.241.243,3000
HTTP,115.223.122.249,8010
HTTPS,125.123.138.192,9999
HTTPS,113.65.5.230,8118
HTTP,182.108.62.195,1624
HTTP,117.87.230.117,8118
HTTPS,115.213.161.112,50003
HTTP,171.11.65.4,8118
HTTPS,113.116.50.227,53281
HTTP,115.208.76.154,8118
HTTP,123.185.222.191,8118
HTTP,222.95.240.111,3000
HTTP,121.237.149.113,3000
HTTPS,117.88.177.251,3000
HTTP,110.73.9.56,8123
HTTPS,115.219.104.89,8010
HTTP,140.255.4.87,1081
HTTPS,122.192.21.80,8118
HTTP,27.203.243.164,8060
HTTP,121.238.103.111,8118
HTTPS,175.165.130.173,1133
HTTP,119.123.77.113,8118
HTTPS,117.88.4.82,3000
HTTPS,117.88.5.249,3000
HTTP,27.43.108.164,8118
HTTP,121.237.149.224,3000
HTTP,222.95.144.128,3000
HTTP,117.88.176.64,3000
HTTPS,117.88.176.171,3000
HTTP,140.255.3.126,1081
HTTP,222.95.240.124,3000
HTTP,140.255.3.92,1081
HTTPS,115.200.251.233,8118
HTTP,115.219.175.1,8118
HTTP,117.62.173.236,8118
HTTP,222.95.240.37,3000
HTTP,121.237.148.31,3000
HTTP,117.88.5.170,3000
HTTPS,119.41.192.85,53281
HTTP,121.237.149.228,3000
HTTP,125.123.143.60,9999
HTTP,117.88.4.3,3000
HTTPS,183.157.119.19,8118
HTTPS,222.95.144.115,3000
HTTP,171.38.133.158,8123
HTTPS,1.83.123.191,8118
HTTPS,223.198.3.47,8118
HTTPS,140.255.6.118,1081
HTTPS,59.52.185.145,1624
HTTP,121.228.173.152,8118
HTTP,122.193.34.78,8118
HTTP,222.95.240.121,3000
HTTP,121.237.148.115,3000
HTTPS,121.237.149.102,3000
HTTPS,115.200.235.60,8118
HTTPS,58.209.4.226,8118
HTTPS,113.110.253.243,8118
HTTPS,113.109.180.135,8118
HTTP,58.208.126.194,8118
HTTP,113.109.214.114,8118
HTTP,121.237.148.161,3000
HTTP,117.88.177.74,3000
HTTPS,125.123.121.0,47645
HTTPS,117.88.5.48,3000
HTTPS,171.221.86.108,8118
HTTP,171.221.79.106,8118
HTTP,14.126.24.178,8118
HTTP,121.237.149.122,3000
HTTP,182.91.240.50,8118
HTTPS,121.237.148.231,3000
HTTP,121.237.149.246,3000
HTTPS,122.5.200.69,8118
HTTP,223.199.4.111,8118
HTTPS,117.88.5.22,3000
HTTP,115.196.129.17,8118
HTTPS,113.119.64.146,8118
HTTP,113.88.208.226,8118
HTTP,117.88.177.25,3000
HTTP,1.28.245.52,8118
HTTPS,121.237.149.174,3000
HTTPS,115.29.108.117,8118
HTTP,223.245.38.117,65309
HTTPS,175.10.25.117,3128
HTTP,49.73.106.92,8118
HTTP,121.227.209.7,8118
HTTPS,117.88.5.235,3000
HTTP,114.139.173.54,8118
HTTP,115.219.108.55,8010
HTTPS,121.237.148.94,3000
HTTP,171.221.39.176,8118
HTTP,211.162.125.127,80
HTTP,115.29.170.58,8118
HTTPS,114.221.173.112,8118
HTTPS,114.99.13.54,1133
HTTP,118.250.2.157,8060
HTTPS,113.88.26.148,8118
HTTP,121.237.149.44,3000
HTTP,113.87.90.55,8118
HTTP,49.73.172.181,8118
HTTP,175.166.162.90,8118
HTTPS,121.237.149.177,3000
HTTPS,119.39.68.110,8118
HTTP,114.99.10.117,8888
HTTP,27.152.72.58,8118
HTTP,171.35.85.4,8118
HTTP,119.3.211.88,8118
HTTP,222.190.125.2,8118
HTTPS,121.237.149.1,3000
HTTP,123.7.17.237,8060
HTTPS,222.95.241.234,3000
HTTPS,223.199.3.30,8118
HTTPS,119.41.193.222,53281
HTTP,175.44.7.16,8118
HTTP,125.110.76.30,8118
HTTP,222.211.201.55,8118
